<?xml version="1.0" encoding="UTF-8"?>
<project-private xmlns="http://www.netbeans.org/ns/project-private/1">
    <editor-bookmarks xmlns="http://www.netbeans.org/ns/editor-bookmarks/2" lastBookmarkId="0"/>
    <open-files xmlns="http://www.netbeans.org/ns/projectui-open-files/2">
        <group>
            <file>file:/G:/Programacion%20Orientada%20a%20Objetos/Evaluacion%201/EVA1_7_CLASES_OBJETOS/src/MisClases/MejorBanco.java</file>
            <file>file:/G:/Programacion%20Orientada%20a%20Objetos/Evaluacion%201/EVA1_7_CLASES_OBJETOS/src/MisClases/Banco.java</file>
            <file>file:/G:/Programacion%20Orientada%20a%20Objetos/Evaluacion%201/EVA1_7_CLASES_OBJETOS/src/Principal.java</file>
        </group>
    </open-files>
</project-private>
